ticker,model_p,entry_price,shares,fee,won,pnl,ts
MKT-0,0.8405,0.844,17.77,0.1638,true,2.6083,2026-01-05T09:00:00Z
MKT-1,0.8629,0.867,17.3,0.1396,true,2.1613,2026-01-05T10:30:00Z
MKT-2,0.9064,0.91,16.48,0.0945,true,1.3887,2026-01-05T12:00:00Z
MKT-3,0.8022,0.806,18.61,0.2037,false,-15.2034,2026-01-05T13:30:00Z
MKT-4,0.8441,0.848,17.69,0.1596,true,2.5293,2026-01-05T15:00:00Z
MKT-5,0.9693,0.973,15.42,0.0284,true,0.3879,2026-01-05T16:30:00Z
MKT-6,0.9422,0.946,15.86,0.0567,true,0.7997,2026-01-05T18:00:00Z
MKT-7,0.9086,0.913,16.43,0.0914,true,1.338,2026-01-05T19:30:00Z
MKT-8,0.9079,0.912,16.45,0.0924,true,1.3552,2026-01-05T21:00:00Z
MKT-9,0.8889,0.893,16.8,0.1124,true,1.6852,2026-01-05T22:30:00Z
MKT-10,0.9141,0.918,16.34,0.0861,true,1.2538,2026-01-06T00:00:00Z
MKT-11,0.9289,0.933,16.08,0.0704,true,1.007,2026-01-06T01:30:00Z
MKT-12,0.8512,0.855,17.54,0.1522,true,2.3911,2026-01-06T03:00:00Z
MKT-13,0.9471,0.951,15.77,0.0514,true,0.7213,2026-01-06T04:30:00Z
MKT-14,0.9222,0.926,16.2,0.0777,true,1.1211,2026-01-06T06:00:00Z
MKT-15,0.9214,0.925,16.22,0.0788,false,-15.0823,2026-01-06T07:30:00Z
MKT-16,0.8671,0.871,17.22,0.1354,true,2.086,2026-01-06T09:00:00Z
MKT-17,0.8756,0.88,17.05,0.126,false,-15.13,2026-01-06T10:30:00Z
MKT-18,0.9494,0.953,15.74,0.0494,true,0.6904,2026-01-06T12:00:00Z
MKT-19,0.8231,0.827,18.14,0.1817,true,2.9565,2026-01-06T13:30:00Z
MKT-20,0.9641,0.968,15.5,0.0336,true,0.4624,2026-01-06T15:00:00Z
MKT-21,0.9065,0.911,16.47,0.0935,true,1.3723,2026-01-06T16:30:00Z
MKT-22,0.8862,0.89,16.85,0.1155,true,1.738,2026-01-06T18:00:00Z
MKT-23,0.8597,0.864,17.36,0.1428,true,2.2182,2026-01-06T19:30:00Z
MKT-24,0.8993,0.903,16.61,0.1018,false,-15.1006,2026-01-06T21:00:00Z
MKT-25,0.9159,0.92,16.3,0.084,false,-15.08,2026-01-06T22:30:00Z
MKT-26,0.9456,0.95,15.79,0.0525,false,-15.053,2026-01-07T00:00:00Z
MKT-27,0.9141,0.918,16.34,0.0861,true,1.2538,2026-01-07T01:30:00Z
MKT-28,0.9463,0.95,15.79,0.0525,false,-15.053,2026-01-07T03:00:00Z
MKT-29,0.9538,0.958,15.66,0.0441,true,0.6136,2026-01-07T04:30:00Z
MKT-30,0.9213,0.925,16.22,0.0788,true,1.1377,2026-01-07T06:00:00Z
MKT-31,0.9414,0.945,15.87,0.0577,true,0.8152,2026-01-07T07:30:00Z
MKT-32,0.8484,0.852,17.61,0.1554,true,2.4509,2026-01-07T09:00:00Z
MKT-33,0.9452,0.949,15.81,0.0536,false,-15.0573,2026-01-07T10:30:00Z
MKT-34,0.815,0.819,18.32,0.1901,true,3.1258,2026-01-07T12:00:00Z
MKT-35,0.8698,0.874,17.16,0.1323,true,2.0299,2026-01-07T13:30:00Z
MKT-36,0.85,0.854,17.56,0.1533,true,2.4105,2026-01-07T15:00:00Z
MKT-37,0.9484,0.952,15.76,0.0504,true,0.7061,2026-01-07T16:30:00Z
MKT-38,0.9045,0.908,16.52,0.0966,true,1.4232,2026-01-07T18:00:00Z
MKT-39,0.9221,0.926,16.2,0.0777,true,1.1211,2026-01-07T19:30:00Z
MKT-40,0.9498,0.954,15.72,0.0483,false,-15.0452,2026-01-07T21:00:00Z
MKT-41,0.8859,0.89,16.85,0.1155,false,-15.112,2026-01-07T22:30:00Z
MKT-42,0.8526,0.857,17.5,0.1501,true,2.3524,2026-01-08T00:00:00Z
MKT-43,0.902,0.906,16.56,0.0987,true,1.4579,2026-01-08T01:30:00Z
MKT-44,0.8336,0.838,17.9,0.1701,true,2.7297,2026-01-08T03:00:00Z
MKT-45,0.9038,0.908,16.52,0.0966,true,1.4232,2026-01-08T04:30:00Z
MKT-46,0.8072,0.811,18.5,0.1985,false,-15.202,2026-01-08T06:00:00Z
MKT-47,0.8534,0.857,17.5,0.1501,false,-15.1476,2026-01-08T07:30:00Z
MKT-48,0.9524,0.956,15.69,0.0462,true,0.6442,2026-01-08T09:00:00Z
MKT-49,0.8783,0.882,17.01,0.1239,true,1.8833,2026-01-08T10:30:00Z
MKT-50,0.9095,0.913,16.43,0.0914,true,1.338,2026-01-08T12:00:00Z
MKT-51,0.8951,0.899,16.69,0.1061,true,1.5796,2026-01-08T13:30:00Z
MKT-52,0.9599,0.964,15.56,0.0378,true,0.5224,2026-01-08T15:00:00Z
MKT-53,0.8733,0.877,17.1,0.1291,true,1.9742,2026-01-08T16:30:00Z
MKT-54,0.8404,0.844,17.77,0.1638,true,2.6083,2026-01-08T18:00:00Z
MKT-55,0.9662,0.97,15.46,0.0315,true,0.4323,2026-01-08T19:30:00Z
MKT-56,0.8932,0.897,16.72,0.1081,true,1.6141,2026-01-08T21:00:00Z
MKT-57,0.8706,0.875,17.14,0.1312,true,2.0113,2026-01-08T22:30:00Z
MKT-58,0.8034,0.807,18.59,0.2027,true,3.3852,2026-01-09T00:00:00Z
MKT-59,0.9075,0.911,16.47,0.0935,true,1.3723,2026-01-09T01:30:00Z
MKT-60,0.9066,0.911,16.47,0.0935,true,1.3723,2026-01-09T03:00:00Z
MKT-61,0.9155,0.919,16.32,0.085,true,1.2369,2026-01-09T04:30:00Z
MKT-62,0.9202,0.924,16.23,0.0798,true,1.1537,2026-01-09T06:00:00Z
MKT-63,0.8038,0.808,18.56,0.2016,true,3.3619,2026-01-09T07:30:00Z
MKT-64,0.9149,0.919,16.32,0.085,false,-15.0831,2026-01-09T09:00:00Z
MKT-65,0.8427,0.847,17.71,0.1607,true,2.5489,2026-01-09T10:30:00Z
MKT-66,0.9008,0.905,16.57,0.0997,true,1.4744,2026-01-09T12:00:00Z
MKT-67,0.8619,0.866,17.32,0.1407,true,2.1802,2026-01-09T13:30:00Z
MKT-68,0.8628,0.867,17.3,0.1396,true,2.1613,2026-01-09T15:00:00Z
MKT-69,0.8511,0.855,17.54,0.1522,true,2.3911,2026-01-09T16:30:00Z
MKT-70,0.9313,0.935,16.04,0.0682,true,0.9744,2026-01-09T18:00:00Z
MKT-71,0.8968,0.901,16.65,0.104,true,1.5443,2026-01-09T19:30:00Z
MKT-72,0.8527,0.857,17.5,0.1501,true,2.3524,2026-01-09T21:00:00Z
MKT-73,0.9366,0.941,15.94,0.0619,true,0.8786,2026-01-09T22:30:00Z
MKT-74,0.8319,0.836,17.94,0.1722,true,2.77,2026-01-10T00:00:00Z
MKT-75,0.9187,0.923,16.25,0.0808,true,1.1704,2026-01-10T01:30:00Z
MKT-76,0.8547,0.859,17.46,0.148,true,2.3139,2026-01-10T03:00:00Z
MKT-77,0.9417,0.946,15.86,0.0567,true,0.7997,2026-01-10T04:30:00Z
MKT-78,0.9454,0.949,15.81,0.0536,true,0.7527,2026-01-10T06:00:00Z
MKT-79,0.8572,0.861,17.42,0.1459,true,2.2755,2026-01-10T07:30:00Z
MKT-80,0.9504,0.954,15.72,0.0483,true,0.6748,2026-01-10T09:00:00Z
MKT-81,0.8383,0.842,17.81,0.1659,true,2.6481,2026-01-10T10:30:00Z
MKT-82,0.89,0.894,16.78,0.1113,true,1.6674,2026-01-10T12:00:00Z
MKT-83,0.9372,0.941,15.94,0.0619,true,0.8786,2026-01-10T13:30:00Z
MKT-84,0.8312,0.835,17.96,0.1732,true,2.7902,2026-01-10T15:00:00Z
MKT-85,0.9372,0.941,15.94,0.0619,true,0.8786,2026-01-10T16:30:00Z
MKT-86,0.9371,0.941,15.94,0.0619,true,0.8786,2026-01-10T18:00:00Z
MKT-87,0.822,0.826,18.16,0.1827,true,2.9771,2026-01-10T19:30:00Z
MKT-88,0.935,0.939,15.97,0.064,true,0.9102,2026-01-10T21:00:00Z
MKT-89,0.8589,0.863,17.38,0.1438,true,2.2373,2026-01-10T22:30:00Z
MKT-90,0.8714,0.875,17.14,0.1312,true,2.0113,2026-01-11T00:00:00Z
MKT-91,0.9565,0.961,15.61,0.041,true,0.5678,2026-01-11T01:30:00Z
MKT-92,0.8008,0.805,18.63,0.2047,false,-15.2019,2026-01-11T03:00:00Z
MKT-93,0.9496,0.954,15.72,0.0483,false,-15.0452,2026-01-11T04:30:00Z
MKT-94,0.8738,0.878,17.08,0.1281,false,-15.1243,2026-01-11T06:00:00Z
MKT-95,0.9577,0.962,15.59,0.0399,true,0.5525,2026-01-11T07:30:00Z
MKT-96,0.9267,0.931,16.11,0.0724,true,1.0392,2026-01-11T09:00:00Z
MKT-97,0.9127,0.917,16.36,0.0872,true,1.2707,2026-01-11T10:30:00Z
MKT-98,0.8491,0.853,17.58,0.1543,true,2.43,2026-01-11T12:00:00Z
MKT-99,0.8387,0.843,17.79,0.1648,true,2.6282,2026-01-11T13:30:00Z
MKT-100,0.9001,0.904,16.59,0.1008,true,1.4918,2026-01-11T15:00:00Z
MKT-101,0.9377,0.942,15.92,0.0609,true,0.8625,2026-01-11T16:30:00Z
MKT-102,0.9536,0.958,15.66,0.0441,true,0.6136,2026-01-11T18:00:00Z
MKT-103,0.9571,0.961,15.61,0.041,true,0.5678,2026-01-11T19:30:00Z
MKT-104,0.9529,0.957,15.67,0.0451,true,0.6287,2026-01-11T21:00:00Z
MKT-105,0.8022,0.806,18.61,0.2037,true,3.4066,2026-01-11T22:30:00Z
MKT-106,0.8292,0.833,18.01,0.1754,true,2.8323,2026-01-12T00:00:00Z
MKT-107,0.9127,0.917,16.36,0.0872,true,1.2707,2026-01-12T01:30:00Z
MKT-108,0.8703,0.874,17.16,0.1323,false,-15.1301,2026-01-12T03:00:00Z
MKT-109,0.9041,0.908,16.52,0.0966,true,1.4232,2026-01-12T04:30:00Z
MKT-110,0.8429,0.847,17.71,0.1607,false,-15.1611,2026-01-12T06:00:00Z
MKT-111,0.8811,0.885,16.95,0.1208,true,1.8284,2026-01-12T07:30:00Z
MKT-112,0.8598,0.864,17.36,0.1428,true,2.2182,2026-01-12T09:00:00Z
MKT-113,0.8909,0.895,16.76,0.1103,true,1.6495,2026-01-12T10:30:00Z
MKT-114,0.8291,0.833,18.01,0.1754,true,2.8323,2026-01-12T12:00:00Z
MKT-115,0.9567,0.961,15.61,0.041,true,0.5678,2026-01-12T13:30:00Z
MKT-116,0.94,0.944,15.89,0.0588,true,0.831,2026-01-12T15:00:00Z
MKT-117,0.9069,0.911,16.47,0.0935,true,1.3723,2026-01-12T16:30:00Z
MKT-118,0.8085,0.812,18.47,0.1974,true,3.275,2026-01-12T18:00:00Z
MKT-119,0.8457,0.85,17.65,0.1575,true,2.49,2026-01-12T19:30:00Z
MKT-120,0.8719,0.876,17.12,0.1302,true,1.9927,2026-01-12T21:00:00Z
MKT-121,0.932,0.936,16.03,0.0672,true,0.9587,2026-01-12T22:30:00Z
MKT-122,0.8093,0.813,18.45,0.1963,true,3.2539,2026-01-13T00:00:00Z
MKT-123,0.8212,0.825,18.18,0.1837,true,2.9978,2026-01-13T01:30:00Z
MKT-124,0.9657,0.97,15.46,0.0315,true,0.4323,2026-01-13T03:00:00Z
MKT-125,0.8146,0.819,18.32,0.1901,true,3.1258,2026-01-13T04:30:00Z
MKT-126,0.8537,0.858,17.48,0.1491,true,2.3331,2026-01-13T06:00:00Z
MKT-127,0.8597,0.864,17.36,0.1428,true,2.2182,2026-01-13T07:30:00Z
MKT-128,0.8997,0.904,16.59,0.1008,true,1.4918,2026-01-13T09:00:00Z
MKT-129,0.8325,0.836,17.94,0.1722,true,2.77,2026-01-13T10:30:00Z
MKT-130,0.821,0.825,18.18,0.1837,true,2.9978,2026-01-13T12:00:00Z
MKT-131,0.9217,0.926,16.2,0.0777,true,1.1211,2026-01-13T13:30:00Z
MKT-132,0.8136,0.818,18.34,0.1911,true,3.1468,2026-01-13T15:00:00Z
MKT-133,0.8635,0.867,17.3,0.1396,true,2.1613,2026-01-13T16:30:00Z
MKT-134,0.933,0.937,16.01,0.0662,true,0.9424,2026-01-13T18:00:00Z
MKT-135,0.9362,0.94,15.96,0.063,true,0.8946,2026-01-13T19:30:00Z
MKT-136,0.8734,0.877,17.1,0.1291,true,1.9742,2026-01-13T21:00:00Z
MKT-137,0.8843,0.888,16.89,0.1176,true,1.7741,2026-01-13T22:30:00Z
MKT-138,0.8715,0.875,17.14,0.1312,true,2.0113,2026-01-14T00:00:00Z
MKT-139,0.8783,0.882,17.01,0.1239,true,1.8833,2026-01-14T01:30:00Z
MKT-140,0.8911,0.895,16.76,0.1103,true,1.6495,2026-01-14T03:00:00Z
MKT-141,0.8122,0.816,18.38,0.1932,true,3.1887,2026-01-14T04:30:00Z
MKT-142,0.8724,0.876,17.12,0.1302,false,-15.1273,2026-01-14T06:00:00Z
MKT-143,0.9592,0.963,15.58,0.0389,true,0.5376,2026-01-14T07:30:00Z
MKT-144,0.9526,0.957,15.67,0.0451,true,0.6287,2026-01-14T09:00:00Z
MKT-145,0.8446,0.849,17.67,0.1586,true,2.5096,2026-01-14T10:30:00Z
MKT-146,0.8209,0.825,18.18,0.1837,true,2.9978,2026-01-14T12:00:00Z
MKT-147,0.9126,0.917,16.36,0.0872,true,1.2707,2026-01-14T13:30:00Z
MKT-148,0.9347,0.939,15.97,0.064,true,0.9102,2026-01-14T15:00:00Z
MKT-149,0.9247,0.929,16.15,0.0746,true,1.072,2026-01-14T16:30:00Z
MKT-150,0.8175,0.822,18.25,0.1869,true,3.0616,2026-01-14T18:00:00Z
MKT-151,0.8008,0.805,18.63,0.2047,true,3.4281,2026-01-14T19:30:00Z
MKT-152,0.9316,0.936,16.03,0.0672,true,0.9587,2026-01-14T21:00:00Z
MKT-153,0.8156,0.82,18.29,0.189,true,3.1032,2026-01-14T22:30:00Z
MKT-154,0.9497,0.954,15.72,0.0483,true,0.6748,2026-01-15T00:00:00Z
MKT-155,0.804,0.808,18.56,0.2016,false,-15.1981,2026-01-15T01:30:00Z
MKT-156,0.8206,0.825,18.18,0.1837,false,-15.1822,2026-01-15T03:00:00Z
MKT-157,0.9145,0.919,16.32,0.085,true,1.2369,2026-01-15T04:30:00Z
MKT-158,0.9619,0.966,15.53,0.0357,true,0.4923,2026-01-15T06:00:00Z
MKT-159,0.9358,0.94,15.96,0.063,true,0.8946,2026-01-15T07:30:00Z
MKT-160,0.9305,0.934,16.06,0.0693,true,0.9907,2026-01-15T09:00:00Z
MKT-161,0.9216,0.926,16.2,0.0777,true,1.1211,2026-01-15T10:30:00Z
MKT-162,0.9273,0.931,16.11,0.0724,false,-15.0708,2026-01-15T12:00:00Z
MKT-163,0.8104,0.814,18.43,0.1953,true,3.2327,2026-01-15T13:30:00Z
MKT-164,0.8959,0.9,16.67,0.105,true,1.562,2026-01-15T15:00:00Z
MKT-165,0.8412,0.845,17.75,0.1627,true,2.5886,2026-01-15T16:30:00Z
MKT-166,0.8425,0.846,17.73,0.1617,true,2.5687,2026-01-15T18:00:00Z
MKT-167,0.9281,0.932,16.09,0.0714,true,1.0227,2026-01-15T19:30:00Z
MKT-168,0.8625,0.866,17.32,0.1407,true,2.1802,2026-01-15T21:00:00Z
MKT-169,0.8595,0.864,17.36,0.1428,true,2.2182,2026-01-15T22:30:00Z
MKT-170,0.8142,0.818,18.34,0.1911,true,3.1468,2026-01-16T00:00:00Z
MKT-171,0.9654,0.969,15.48,0.0326,true,0.4473,2026-01-16T01:30:00Z
MKT-172,0.9271,0.931,16.11,0.0724,true,1.0392,2026-01-16T03:00:00Z
MKT-173,0.9174,0.921,16.29,0.083,true,1.2039,2026-01-16T04:30:00Z
MKT-174,0.9146,0.919,16.32,0.085,true,1.2369,2026-01-16T06:00:00Z
MKT-175,0.8822,0.886,16.93,0.1197,true,1.8103,2026-01-16T07:30:00Z
MKT-176,0.9526,0.957,15.67,0.0451,true,0.6287,2026-01-16T09:00:00Z
MKT-177,0.8163,0.82,18.29,0.189,true,3.1032,2026-01-16T10:30:00Z
MKT-178,0.9558,0.96,15.62,0.042,true,0.5828,2026-01-16T12:00:00Z
MKT-179,0.8753,0.879,17.06,0.127,true,1.9373,2026-01-16T13:30:00Z
MKT-180,0.8316,0.836,17.94,0.1722,true,2.77,2026-01-16T15:00:00Z
MKT-181,0.8339,0.838,17.9,0.1701,true,2.7297,2026-01-16T16:30:00Z
MKT-182,0.8535,0.858,17.48,0.1491,true,2.3331,2026-01-16T18:00:00Z
MKT-183,0.9175,0.921,16.29,0.083,false,-15.0861,2026-01-16T19:30:00Z
MKT-184,0.8503,0.854,17.56,0.1533,true,2.4105,2026-01-16T21:00:00Z
MKT-185,0.8702,0.874,17.16,0.1323,true,2.0299,2026-01-16T22:30:00Z
MKT-186,0.8994,0.903,16.61,0.1018,true,1.5094,2026-01-17T00:00:00Z
MKT-187,0.837,0.841,17.84,0.167,true,2.6696,2026-01-17T01:30:00Z
MKT-188,0.8815,0.886,16.93,0.1197,true,1.8103,2026-01-17T03:00:00Z
MKT-189,0.8293,0.833,18.01,0.1754,true,2.8323,2026-01-17T04:30:00Z
MKT-190,0.8547,0.859,17.46,0.148,true,2.3139,2026-01-17T06:00:00Z
MKT-191,0.8244,0.828,18.12,0.1806,false,-15.184,2026-01-17T07:30:00Z
MKT-192,0.8815,0.886,16.93,0.1197,true,1.8103,2026-01-17T09:00:00Z
MKT-193,0.8796,0.884,16.97,0.1218,true,1.8467,2026-01-17T10:30:00Z
MKT-194,0.9397,0.944,15.89,0.0588,true,0.831,2026-01-17T12:00:00Z
MKT-195,0.8818,0.886,16.93,0.1197,true,1.8103,2026-01-17T13:30:00Z
MKT-196,0.9456,0.95,15.79,0.0525,true,0.737,2026-01-17T15:00:00Z
MKT-197,0.9247,0.929,16.15,0.0746,false,-15.0779,2026-01-17T16:30:00Z
MKT-198,0.8795,0.883,16.99,0.1229,true,1.8649,2026-01-17T18:00:00Z
MKT-199,0.8399,0.844,17.77,0.1638,true,2.6083,2026-01-17T19:30:00Z
MKT-200,0.9148,0.919,16.32,0.085,false,-15.0831,2026-01-17T21:00:00Z
MKT-201,0.9452,0.949,15.81,0.0536,true,0.7527,2026-01-17T22:30:00Z
MKT-202,0.8322,0.836,17.94,0.1722,true,2.77,2026-01-18T00:00:00Z
MKT-203,0.8318,0.836,17.94,0.1722,true,2.77,2026-01-18T01:30:00Z
MKT-204,0.946,0.95,15.79,0.0525,true,0.737,2026-01-18T03:00:00Z
MKT-205,0.8434,0.847,17.71,0.1607,false,-15.1611,2026-01-18T04:30:00Z
MKT-206,0.8533,0.857,17.5,0.1501,true,2.3524,2026-01-18T06:00:00Z
MKT-207,0.9239,0.928,16.16,0.0756,true,1.0879,2026-01-18T07:30:00Z
MKT-208,0.8157,0.82,18.29,0.189,false,-15.1868,2026-01-18T09:00:00Z
MKT-209,0.8496,0.854,17.56,0.1533,true,2.4105,2026-01-18T10:30:00Z
MKT-210,0.8987,0.903,16.61,0.1018,true,1.5094,2026-01-18T12:00:00Z
MKT-211,0.8012,0.805,18.63,0.2047,true,3.4281,2026-01-18T13:30:00Z
MKT-212,0.8742,0.878,17.08,0.1281,true,1.9557,2026-01-18T15:00:00Z
MKT-213,0.8357,0.84,17.86,0.168,true,2.6896,2026-01-18T16:30:00Z
MKT-214,0.9624,0.966,15.53,0.0357,true,0.4923,2026-01-18T18:00:00Z
MKT-215,0.8925,0.897,16.72,0.1081,true,1.6141,2026-01-18T19:30:00Z
MKT-216,0.8467,0.851,17.63,0.1565,true,2.4704,2026-01-18T21:00:00Z
MKT-217,0.8191,0.823,18.23,0.1859,false,-15.1892,2026-01-18T22:30:00Z
MKT-218,0.9545,0.958,15.66,0.0441,true,0.6136,2026-01-19T00:00:00Z
MKT-219,0.96,0.964,15.56,0.0378,true,0.5224,2026-01-19T01:30:00Z
MKT-220,0.9313,0.935,16.04,0.0682,true,0.9744,2026-01-19T03:00:00Z
MKT-221,0.8502,0.854,17.56,0.1533,true,2.4105,2026-01-19T04:30:00Z
MKT-222,0.9112,0.915,16.39,0.0892,true,1.304,2026-01-19T06:00:00Z
MKT-223,0.8452,0.849,17.67,0.1586,true,2.5096,2026-01-19T07:30:00Z
MKT-224,0.9634,0.967,15.51,0.0346,true,0.4772,2026-01-19T09:00:00Z
MKT-225,0.8911,0.895,16.76,0.1103,true,1.6495,2026-01-19T10:30:00Z
MKT-226,0.884,0.888,16.89,0.1176,true,1.7741,2026-01-19T12:00:00Z
MKT-227,0.9221,0.926,16.2,0.0777,true,1.1211,2026-01-19T13:30:00Z
MKT-228,0.8963,0.9,16.67,0.105,true,1.562,2026-01-19T15:00:00Z
MKT-229,0.9098,0.914,16.41,0.0903,true,1.321,2026-01-19T16:30:00Z
MKT-230,0.8304,0.834,17.99,0.1743,false,-15.178,2026-01-19T18:00:00Z
MKT-231,0.9114,0.915,16.39,0.0892,true,1.304,2026-01-19T19:30:00Z
MKT-232,0.9584,0.962,15.59,0.0399,true,0.5525,2026-01-19T21:00:00Z
MKT-233,0.8564,0.86,17.44,0.147,true,2.2946,2026-01-19T22:30:00Z
MKT-234,0.9016,0.906,16.56,0.0987,true,1.4579,2026-01-20T00:00:00Z
MKT-235,0.9101,0.914,16.41,0.0903,true,1.321,2026-01-20T01:30:00Z
MKT-236,0.8531,0.857,17.5,0.1501,true,2.3524,2026-01-20T03:00:00Z
MKT-237,0.8117,0.816,18.38,0.1932,true,3.1887,2026-01-20T04:30:00Z
MKT-238,0.9283,0.932,16.09,0.0714,true,1.0227,2026-01-20T06:00:00Z
MKT-239,0.9257,0.93,16.13,0.0735,true,1.0556,2026-01-20T07:30:00Z
MKT-240,0.8452,0.849,17.67,0.1586,true,2.5096,2026-01-20T09:00:00Z
MKT-241,0.9483,0.952,15.76,0.0504,true,0.7061,2026-01-20T10:30:00Z
MKT-242,0.8858,0.89,16.85,0.1155,true,1.738,2026-01-20T12:00:00Z
MKT-243,0.9307,0.935,16.04,0.0682,true,0.9744,2026-01-20T13:30:00Z
MKT-244,0.8566,0.861,17.42,0.1459,true,2.2755,2026-01-20T15:00:00Z
MKT-245,0.8921,0.896,16.74,0.1092,true,1.6318,2026-01-20T16:30:00Z
MKT-246,0.86,0.864,17.36,0.1428,true,2.2182,2026-01-20T18:00:00Z
MKT-247,0.8191,0.823,18.23,0.1859,true,3.0408,2026-01-20T19:30:00Z
MKT-248,0.8169,0.821,18.27,0.1879,true,3.0824,2026-01-20T21:00:00Z
MKT-249,0.9324,0.936,16.03,0.0672,true,0.9587,2026-01-20T22:30:00Z
MKT-250,0.8314,0.835,17.96,0.1732,true,2.7902,2026-01-21T00:00:00Z
MKT-251,0.8708,0.875,17.14,0.1312,true,2.0113,2026-01-21T01:30:00Z
MKT-252,0.9387,0.943,15.91,0.0599,true,0.847,2026-01-21T03:00:00Z
MKT-253,0.9006,0.905,16.57,0.0997,true,1.4744,2026-01-21T04:30:00Z
MKT-254,0.8677,0.872,17.2,0.1344,true,2.0672,2026-01-21T06:00:00Z
MKT-255,0.8897,0.894,16.78,0.1113,true,1.6674,2026-01-21T07:30:00Z
MKT-256,0.8344,0.838,17.9,0.1701,true,2.7297,2026-01-21T09:00:00Z
MKT-257,0.9329,0.937,16.01,0.0662,true,0.9424,2026-01-21T10:30:00Z
MKT-258,0.9365,0.941,15.94,0.0619,true,0.8786,2026-01-21T12:00:00Z
MKT-259,0.9614,0.965,15.54,0.0367,true,0.5072,2026-01-21T13:30:00Z
MKT-260,0.8939,0.898,16.7,0.1071,true,1.5963,2026-01-21T15:00:00Z
MKT-261,0.9077,0.912,16.45,0.0924,false,-15.0948,2026-01-21T16:30:00Z
MKT-262,0.9167,0.921,16.29,0.083,true,1.2039,2026-01-21T18:00:00Z
MKT-263,0.9462,0.95,15.79,0.0525,true,0.737,2026-01-21T19:30:00Z
MKT-264,0.9022,0.906,16.56,0.0987,true,1.4579,2026-01-21T21:00:00Z
MKT-265,0.8004,0.804,18.66,0.2058,true,3.4516,2026-01-21T22:30:00Z
MKT-266,0.9125,0.917,16.36,0.0872,true,1.2707,2026-01-22T00:00:00Z
MKT-267,0.889,0.893,16.8,0.1124,true,1.6852,2026-01-22T01:30:00Z
MKT-268,0.8329,0.837,17.92,0.1711,true,2.7499,2026-01-22T03:00:00Z
MKT-269,0.8063,0.81,18.52,0.1995,true,3.3193,2026-01-22T04:30:00Z
MKT-270,0.9098,0.914,16.41,0.0903,true,1.321,2026-01-22T06:00:00Z
MKT-271,0.8962,0.9,16.67,0.105,false,-15.108,2026-01-22T07:30:00Z
MKT-272,0.9516,0.956,15.69,0.0462,true,0.6442,2026-01-22T09:00:00Z
MKT-273,0.9347,0.939,15.97,0.064,true,0.9102,2026-01-22T10:30:00Z
MKT-274,0.8086,0.813,18.45,0.1963,true,3.2539,2026-01-22T12:00:00Z
MKT-275,0.8397,0.844,17.77,0.1638,true,2.6083,2026-01-22T13:30:00Z
MKT-276,0.8916,0.896,16.74,0.1092,false,-15.1082,2026-01-22T15:00:00Z
MKT-277,0.8549,0.859,17.46,0.148,false,-15.1461,2026-01-22T16:30:00Z
MKT-278,0.9181,0.922,16.27,0.0819,true,1.1872,2026-01-22T18:00:00Z
MKT-279,0.9459,0.95,15.79,0.0525,true,0.737,2026-01-22T19:30:00Z
MKT-280,0.9576,0.962,15.59,0.0399,true,0.5525,2026-01-22T21:00:00Z
MKT-281,0.9258,0.93,16.13,0.0735,true,1.0556,2026-01-22T22:30:00Z
MKT-282,0.9371,0.941,15.94,0.0619,true,0.8786,2026-01-23T00:00:00Z
MKT-283,0.9464,0.95,15.79,0.0525,true,0.737,2026-01-23T01:30:00Z
MKT-284,0.9287,0.933,16.08,0.0704,true,1.007,2026-01-23T03:00:00Z
MKT-285,0.8186,0.823,18.23,0.1859,true,3.0408,2026-01-23T04:30:00Z
MKT-286,0.8133,0.817,18.36,0.1922,true,3.1677,2026-01-23T06:00:00Z
MKT-287,0.8273,0.831,18.05,0.1774,true,2.8731,2026-01-23T07:30:00Z
MKT-288,0.9189,0.923,16.25,0.0808,true,1.1704,2026-01-23T09:00:00Z
MKT-289,0.8718,0.876,17.12,0.1302,true,1.9927,2026-01-23T10:30:00Z
MKT-290,0.8518,0.856,17.52,0.1512,true,2.3717,2026-01-23T12:00:00Z
MKT-291,0.9287,0.933,16.08,0.0704,true,1.007,2026-01-23T13:30:00Z
MKT-292,0.8307,0.835,17.96,0.1732,false,-15.1698,2026-01-23T15:00:00Z
MKT-293,0.9223,0.926,16.2,0.0777,true,1.1211,2026-01-23T16:30:00Z
MKT-294,0.8631,0.867,17.3,0.1396,true,2.1613,2026-01-23T18:00:00Z
MKT-295,0.9014,0.905,16.57,0.0997,true,1.4744,2026-01-23T19:30:00Z
MKT-296,0.8005,0.804,18.66,0.2058,true,3.4516,2026-01-23T21:00:00Z
MKT-297,0.9331,0.937,16.01,0.0662,true,0.9424,2026-01-23T22:30:00Z
MKT-298,0.8782,0.882,17.01,0.1239,true,1.8833,2026-01-24T00:00:00Z
MKT-299,0.8356,0.84,17.86,0.168,true,2.6896,2026-01-24T01:30:00Z
MKT-300,0.8686,0.873,17.18,0.1333,true,2.0486,2026-01-24T03:00:00Z
MKT-301,0.8047,0.809,18.54,0.2005,true,3.3406,2026-01-24T04:30:00Z
MKT-302,0.8286,0.833,18.01,0.1754,true,2.8323,2026-01-24T06:00:00Z
MKT-303,0.8102,0.814,18.43,0.1953,true,3.2327,2026-01-24T07:30:00Z
MKT-304,0.8762,0.88,17.05,0.126,true,1.92,2026-01-24T09:00:00Z
MKT-305,0.9196,0.924,16.23,0.0798,true,1.1537,2026-01-24T10:30:00Z
MKT-306,0.8686,0.873,17.18,0.1333,true,2.0486,2026-01-24T12:00:00Z
MKT-307,0.8045,0.809,18.54,0.2005,false,-15.1994,2026-01-24T13:30:00Z
MKT-308,0.8372,0.841,17.84,0.167,true,2.6696,2026-01-24T15:00:00Z
MKT-309,0.8807,0.885,16.95,0.1208,true,1.8284,2026-01-24T16:30:00Z
MKT-310,0.9058,0.91,16.48,0.0945,true,1.3887,2026-01-24T18:00:00Z
MKT-311,0.8211,0.825,18.18,0.1837,true,2.9978,2026-01-24T19:30:00Z
MKT-312,0.9237,0.928,16.16,0.0756,true,1.0879,2026-01-24T21:00:00Z
MKT-313,0.9339,0.938,15.99,0.0651,true,0.9263,2026-01-24T22:30:00Z
MKT-314,0.9586,0.963,15.58,0.0389,true,0.5376,2026-01-25T00:00:00Z
MKT-315,0.8425,0.846,17.73,0.1617,true,2.5687,2026-01-25T01:30:00Z
MKT-316,0.9385,0.942,15.92,0.0609,true,0.8625,2026-01-25T03:00:00Z
MKT-317,0.8586,0.863,17.38,0.1438,true,2.2373,2026-01-25T04:30:00Z
MKT-318,0.916,0.92,16.3,0.084,false,-15.08,2026-01-25T06:00:00Z
MKT-319,0.9007,0.905,16.57,0.0997,true,1.4744,2026-01-25T07:30:00Z
MKT-320,0.8052,0.809,18.54,0.2005,true,3.3406,2026-01-25T09:00:00Z
MKT-321,0.829,0.833,18.01,0.1754,true,2.8323,2026-01-25T10:30:00Z
MKT-322,0.8092,0.813,18.45,0.1963,true,3.2539,2026-01-25T12:00:00Z
MKT-323,0.9531,0.957,15.67,0.0451,true,0.6287,2026-01-25T13:30:00Z
MKT-324,0.9656,0.97,15.46,0.0315,true,0.4323,2026-01-25T15:00:00Z
MKT-325,0.9366,0.941,15.94,0.0619,true,0.8786,2026-01-25T16:30:00Z
MKT-326,0.9598,0.964,15.56,0.0378,true,0.5224,2026-01-25T18:00:00Z
MKT-327,0.8518,0.856,17.52,0.1512,true,2.3717,2026-01-25T19:30:00Z
MKT-328,0.9609,0.965,15.54,0.0367,true,0.5072,2026-01-25T21:00:00Z
MKT-329,0.8499,0.854,17.56,0.1533,false,-15.1495,2026-01-25T22:30:00Z
MKT-330,0.8195,0.823,18.23,0.1859,true,3.0408,2026-01-26T00:00:00Z
MKT-331,0.8568,0.861,17.42,0.1459,true,2.2755,2026-01-26T01:30:00Z
MKT-332,0.9578,0.962,15.59,0.0399,true,0.5525,2026-01-26T03:00:00Z
MKT-333,0.9258,0.93,16.13,0.0735,true,1.0556,2026-01-26T04:30:00Z
MKT-334,0.9421,0.946,15.86,0.0567,true,0.7997,2026-01-26T06:00:00Z
MKT-335,0.957,0.961,15.61,0.041,true,0.5678,2026-01-26T07:30:00Z
MKT-336,0.8705,0.875,17.14,0.1312,true,2.0113,2026-01-26T09:00:00Z
MKT-337,0.9325,0.937,16.01,0.0662,true,0.9424,2026-01-26T10:30:00Z
MKT-338,0.8458,0.85,17.65,0.1575,true,2.49,2026-01-26T12:00:00Z
MKT-339,0.9225,0.927,16.18,0.0766,true,1.1045,2026-01-26T13:30:00Z
MKT-340,0.9208,0.925,16.22,0.0788,true,1.1377,2026-01-26T15:00:00Z
MKT-341,0.8828,0.887,16.91,0.1186,true,1.7922,2026-01-26T16:30:00Z
MKT-342,0.9208,0.925,16.22,0.0788,true,1.1377,2026-01-26T18:00:00Z
MKT-343,0.8794,0.883,16.99,0.1229,true,1.8649,2026-01-26T19:30:00Z
MKT-344,0.9151,0.919,16.32,0.085,true,1.2369,2026-01-26T21:00:00Z
MKT-345,0.8403,0.844,17.77,0.1638,false,-15.1617,2026-01-26T22:30:00Z
MKT-346,0.9092,0.913,16.43,0.0914,true,1.338,2026-01-27T00:00:00Z
MKT-347,0.9483,0.952,15.76,0.0504,true,0.7061,2026-01-27T01:30:00Z
MKT-348,0.9525,0.956,15.69,0.0462,true,0.6442,2026-01-27T03:00:00Z
MKT-349,0.8567,0.861,17.42,0.1459,true,2.2755,2026-01-27T04:30:00Z
MKT-350,0.8122,0.816,18.38,0.1932,true,3.1887,2026-01-27T06:00:00Z
MKT-351,0.9625,0.966,15.53,0.0357,true,0.4923,2026-01-27T07:30:00Z
MKT-352,0.8967,0.901,16.65,0.104,true,1.5443,2026-01-27T09:00:00Z
MKT-353,0.8138,0.818,18.34,0.1911,true,3.1468,2026-01-27T10:30:00Z
MKT-354,0.8409,0.845,17.75,0.1627,true,2.5886,2026-01-27T12:00:00Z
MKT-355,0.826,0.83,18.07,0.1785,true,2.8934,2026-01-27T13:30:00Z
MKT-356,0.8995,0.904,16.59,0.1008,true,1.4918,2026-01-27T15:00:00Z
MKT-357,0.8391,0.843,17.79,0.1648,false,-15.1618,2026-01-27T16:30:00Z
MKT-358,0.8374,0.841,17.84,0.167,true,2.6696,2026-01-27T18:00:00Z
MKT-359,0.8713,0.875,17.14,0.1312,true,2.0113,2026-01-27T19:30:00Z
MKT-360,0.9027,0.907,16.54,0.0977,true,1.4405,2026-01-27T21:00:00Z
MKT-361,0.891,0.895,16.76,0.1103,true,1.6495,2026-01-27T22:30:00Z
MKT-362,0.8302,0.834,17.99,0.1743,true,2.812,2026-01-28T00:00:00Z
MKT-363,0.9403,0.944,15.89,0.0588,true,0.831,2026-01-28T01:30:00Z
MKT-364,0.8041,0.808,18.56,0.2016,false,-15.1981,2026-01-28T03:00:00Z
MKT-365,0.8339,0.838,17.9,0.1701,false,-15.1703,2026-01-28T04:30:00Z
MKT-366,0.8146,0.819,18.32,0.1901,true,3.1258,2026-01-28T06:00:00Z
MKT-367,0.8379,0.842,17.81,0.1659,true,2.6481,2026-01-28T07:30:00Z
MKT-368,0.9046,0.909,16.5,0.0955,true,1.406,2026-01-28T09:00:00Z
MKT-369,0.9294,0.933,16.08,0.0704,true,1.007,2026-01-28T10:30:00Z
MKT-370,0.8588,0.863,17.38,0.1438,true,2.2373,2026-01-28T12:00:00Z
MKT-371,0.8758,0.88,17.05,0.126,true,1.92,2026-01-28T13:30:00Z
MKT-372,0.942,0.946,15.86,0.0567,true,0.7997,2026-01-28T15:00:00Z
MKT-373,0.9385,0.943,15.91,0.0599,true,0.847,2026-01-28T16:30:00Z
MKT-374,0.8917,0.896,16.74,0.1092,true,1.6318,2026-01-28T18:00:00Z
MKT-375,0.9238,0.928,16.16,0.0756,true,1.0879,2026-01-28T19:30:00Z
MKT-376,0.8588,0.863,17.38,0.1438,true,2.2373,2026-01-28T21:00:00Z
MKT-377,0.8122,0.816,18.38,0.1932,true,3.1887,2026-01-28T22:30:00Z
MKT-378,0.925,0.929,16.15,0.0746,true,1.072,2026-01-29T00:00:00Z
MKT-379,0.9102,0.914,16.41,0.0903,true,1.321,2026-01-29T01:30:00Z
MKT-380,0.8364,0.84,17.86,0.168,true,2.6896,2026-01-29T03:00:00Z
MKT-381,0.9693,0.973,15.42,0.0284,true,0.3879,2026-01-29T04:30:00Z
MKT-382,0.8732,0.877,17.1,0.1291,true,1.9742,2026-01-29T06:00:00Z
MKT-383,0.837,0.841,17.84,0.167,true,2.6696,2026-01-29T07:30:00Z
MKT-384,0.9583,0.962,15.59,0.0399,true,0.5525,2026-01-29T09:00:00Z
MKT-385,0.9487,0.953,15.74,0.0494,false,-15.0496,2026-01-29T10:30:00Z
MKT-386,0.9041,0.908,16.52,0.0966,false,-15.0968,2026-01-29T12:00:00Z
MKT-387,0.8911,0.895,16.76,0.1103,true,1.6495,2026-01-29T13:30:00Z
MKT-388,0.9612,0.965,15.54,0.0367,true,0.5072,2026-01-29T15:00:00Z
MKT-389,0.9614,0.965,15.54,0.0367,true,0.5072,2026-01-29T16:30:00Z
MKT-390,0.9315,0.935,16.04,0.0682,true,0.9744,2026-01-29T18:00:00Z
MKT-391,0.9695,0.974,15.4,0.0273,true,0.3731,2026-01-29T19:30:00Z
MKT-392,0.8496,0.854,17.56,0.1533,false,-15.1495,2026-01-29T21:00:00Z
MKT-393,0.8314,0.835,17.96,0.1732,true,2.7902,2026-01-29T22:30:00Z
MKT-394,0.9228,0.927,16.18,0.0766,true,1.1045,2026-01-30T00:00:00Z
MKT-395,0.8883,0.892,16.82,0.1134,true,1.7032,2026-01-30T01:30:00Z
MKT-396,0.8069,0.811,18.5,0.1985,true,3.298,2026-01-30T03:00:00Z
MKT-397,0.8469,0.851,17.63,0.1565,true,2.4704,2026-01-30T04:30:00Z
MKT-398,0.8586,0.863,17.38,0.1438,true,2.2373,2026-01-30T06:00:00Z
MKT-399,0.927,0.931,16.11,0.0724,true,1.0392,2026-01-30T07:30:00Z
MKT-400,0.8176,0.822,18.25,0.1869,true,3.0616,2026-01-30T09:00:00Z
MKT-401,0.8699,0.874,17.16,0.1323,true,2.0299,2026-01-30T10:30:00Z
MKT-402,0.826,0.83,18.07,0.1785,true,2.8934,2026-01-30T12:00:00Z
MKT-403,0.9191,0.923,16.25,0.0808,false,-15.0796,2026-01-30T13:30:00Z
MKT-404,0.9665,0.971,15.45,0.0305,true,0.4176,2026-01-30T15:00:00Z
MKT-405,0.8633,0.867,17.3,0.1396,true,2.1613,2026-01-30T16:30:00Z
MKT-406,0.853,0.857,17.5,0.1501,true,2.3524,2026-01-30T18:00:00Z
MKT-407,0.8894,0.893,16.8,0.1124,true,1.6852,2026-01-30T19:30:00Z
MKT-408,0.8612,0.865,17.34,0.1417,true,2.1992,2026-01-30T21:00:00Z
MKT-409,0.8485,0.852,17.61,0.1554,true,2.4509,2026-01-30T22:30:00Z
MKT-410,0.9508,0.955,15.71,0.0473,true,0.6597,2026-01-31T00:00:00Z
MKT-411,0.8506,0.855,17.54,0.1522,true,2.3911,2026-01-31T01:30:00Z
MKT-412,0.9371,0.941,15.94,0.0619,true,0.8786,2026-01-31T03:00:00Z
MKT-413,0.8224,0.826,18.16,0.1827,true,2.9771,2026-01-31T04:30:00Z
MKT-414,0.8911,0.895,16.76,0.1103,true,1.6495,2026-01-31T06:00:00Z
MKT-415,0.8085,0.813,18.45,0.1963,true,3.2539,2026-01-31T07:30:00Z
MKT-416,0.9309,0.935,16.04,0.0682,true,0.9744,2026-01-31T09:00:00Z
MKT-417,0.9665,0.97,15.46,0.0315,true,0.4323,2026-01-31T10:30:00Z
MKT-418,0.9665,0.97,15.46,0.0315,true,0.4323,2026-01-31T12:00:00Z
MKT-419,0.8315,0.835,17.96,0.1732,true,2.7902,2026-01-31T13:30:00Z
MKT-420,0.8735,0.878,17.08,0.1281,true,1.9557,2026-01-31T15:00:00Z
MKT-421,0.8087,0.813,18.45,0.1963,true,3.2539,2026-01-31T16:30:00Z
MKT-422,0.8159,0.82,18.29,0.189,true,3.1032,2026-01-31T18:00:00Z
MKT-423,0.842,0.846,17.73,0.1617,true,2.5687,2026-01-31T19:30:00Z
MKT-424,0.8711,0.875,17.14,0.1312,true,2.0113,2026-01-31T21:00:00Z
MKT-425,0.8075,0.811,18.5,0.1985,true,3.298,2026-01-31T22:30:00Z
MKT-426,0.9067,0.911,16.47,0.0935,true,1.3723,2026-02-01T00:00:00Z
MKT-427,0.9551,0.959,15.64,0.043,true,0.5982,2026-02-01T01:30:00Z
MKT-428,0.8421,0.846,17.73,0.1617,true,2.5687,2026-02-01T03:00:00Z
MKT-429,0.9289,0.933,16.08,0.0704,true,1.007,2026-02-01T04:30:00Z
MKT-430,0.8865,0.891,16.84,0.1145,true,1.7211,2026-02-01T06:00:00Z
MKT-431,0.8938,0.898,16.7,0.1071,true,1.5963,2026-02-01T07:30:00Z
MKT-432,0.8287,0.833,18.01,0.1754,true,2.8323,2026-02-01T09:00:00Z
MKT-433,0.9093,0.913,16.43,0.0914,true,1.338,2026-02-01T10:30:00Z
MKT-434,0.954,0.958,15.66,0.0441,true,0.6136,2026-02-01T12:00:00Z
MKT-435,0.9131,0.917,16.36,0.0872,false,-15.0893,2026-02-01T13:30:00Z
MKT-436,0.9384,0.942,15.92,0.0609,true,0.8625,2026-02-01T15:00:00Z
MKT-437,0.8705,0.874,17.16,0.1323,true,2.0299,2026-02-01T16:30:00Z
MKT-438,0.829,0.833,18.01,0.1754,true,2.8323,2026-02-01T18:00:00Z
MKT-439,0.9162,0.92,16.3,0.084,false,-15.08,2026-02-01T19:30:00Z
MKT-440,0.893,0.897,16.72,0.1081,true,1.6141,2026-02-01T21:00:00Z
MKT-441,0.8598,0.864,17.36,0.1428,true,2.2182,2026-02-01T22:30:00Z
MKT-442,0.9365,0.941,15.94,0.0619,true,0.8786,2026-02-02T00:00:00Z
MKT-443,0.9631,0.967,15.51,0.0346,true,0.4772,2026-02-02T01:30:00Z
MKT-444,0.8535,0.858,17.48,0.1491,true,2.3331,2026-02-02T03:00:00Z
MKT-445,0.87,0.874,17.16,0.1323,true,2.0299,2026-02-02T04:30:00Z
MKT-446,0.9407,0.945,15.87,0.0577,true,0.8152,2026-02-02T06:00:00Z
MKT-447,0.9041,0.908,16.52,0.0966,true,1.4232,2026-02-02T07:30:00Z
MKT-448,0.8977,0.902,16.63,0.1029,true,1.5268,2026-02-02T09:00:00Z
MKT-449,0.8829,0.887,16.91,0.1186,true,1.7922,2026-02-02T10:30:00Z
